-- MySQL dump 10.13  Distrib 9.0.1, for Win64 (x86_64)
--
-- Host: localhost    Database: sms
-- ------------------------------------------------------
-- Server version	9.0.1

/*!40101 SET @OLD_CHARACTER_SET_CLIENT=@@CHARACTER_SET_CLIENT */;
/*!40101 SET @OLD_CHARACTER_SET_RESULTS=@@CHARACTER_SET_RESULTS */;
/*!40101 SET @OLD_COLLATION_CONNECTION=@@COLLATION_CONNECTION */;
/*!50503 SET NAMES utf8mb4 */;
/*!40103 SET @OLD_TIME_ZONE=@@TIME_ZONE */;
/*!40103 SET TIME_ZONE='+00:00' */;
/*!40014 SET @OLD_UNIQUE_CHECKS=@@UNIQUE_CHECKS, UNIQUE_CHECKS=0 */;
/*!40014 SET @OLD_FOREIGN_KEY_CHECKS=@@FOREIGN_KEY_CHECKS, FOREIGN_KEY_CHECKS=0 */;
/*!40101 SET @OLD_SQL_MODE=@@SQL_MODE, SQL_MODE='NO_AUTO_VALUE_ON_ZERO' */;
/*!40111 SET @OLD_SQL_NOTES=@@SQL_NOTES, SQL_NOTES=0 */;

--
-- Table structure for table `absensi`
--

DROP TABLE IF EXISTS `absensi`;
/*!40101 SET @saved_cs_client     = @@character_set_client */;
/*!50503 SET character_set_client = utf8mb4 */;
CREATE TABLE `absensi` (
  `id` int NOT NULL AUTO_INCREMENT,
  `kelas_id` int NOT NULL,
  `mapel_id` int NOT NULL,
  `tanggal` date NOT NULL,
  `jurusan_id` int NOT NULL,
  PRIMARY KEY (`id`),
  UNIQUE KEY `kelas_id` (`kelas_id`,`mapel_id`,`tanggal`)
) ENGINE=InnoDB AUTO_INCREMENT=10 DEFAULT CHARSET=utf8mb4 COLLATE=utf8mb4_0900_ai_ci;
/*!40101 SET character_set_client = @saved_cs_client */;

--
-- Dumping data for table `absensi`
--

LOCK TABLES `absensi` WRITE;
/*!40000 ALTER TABLE `absensi` DISABLE KEYS */;
/*!40000 ALTER TABLE `absensi` ENABLE KEYS */;
UNLOCK TABLES;

--
-- Table structure for table `absensi_detail`
--

DROP TABLE IF EXISTS `absensi_detail`;
/*!40101 SET @saved_cs_client     = @@character_set_client */;
/*!50503 SET character_set_client = utf8mb4 */;
CREATE TABLE `absensi_detail` (
  `id` int NOT NULL AUTO_INCREMENT,
  `absensi_id` int NOT NULL,
  `siswa_id` int NOT NULL,
  `status` enum('hadir','sakit','izin','alfa') NOT NULL DEFAULT 'alfa',
  PRIMARY KEY (`id`),
  KEY `absensi_id` (`absensi_id`),
  KEY `siswa_id` (`siswa_id`),
  CONSTRAINT `absensi_detail_ibfk_1` FOREIGN KEY (`absensi_id`) REFERENCES `absensi` (`id`),
  CONSTRAINT `absensi_detail_ibfk_2` FOREIGN KEY (`siswa_id`) REFERENCES `siswa` (`id`)
) ENGINE=InnoDB DEFAULT CHARSET=utf8mb4 COLLATE=utf8mb4_0900_ai_ci;
/*!40101 SET character_set_client = @saved_cs_client */;

--
-- Dumping data for table `absensi_detail`
--

LOCK TABLES `absensi_detail` WRITE;
/*!40000 ALTER TABLE `absensi_detail` DISABLE KEYS */;
/*!40000 ALTER TABLE `absensi_detail` ENABLE KEYS */;
UNLOCK TABLES;

--
-- Table structure for table `absensi_siswa`
--

DROP TABLE IF EXISTS `absensi_siswa`;
/*!40101 SET @saved_cs_client     = @@character_set_client */;
/*!50503 SET character_set_client = utf8mb4 */;
CREATE TABLE `absensi_siswa` (
  `id` int NOT NULL AUTO_INCREMENT,
  `absensi_id` int NOT NULL,
  `nis` varchar(50) NOT NULL,
  `status` varchar(20) NOT NULL,
  PRIMARY KEY (`id`),
  KEY `absensi_id` (`absensi_id`),
  KEY `idx_nis` (`nis`),
  CONSTRAINT `absensi_siswa_ibfk_1` FOREIGN KEY (`absensi_id`) REFERENCES `absensi` (`id`) ON DELETE CASCADE
) ENGINE=InnoDB AUTO_INCREMENT=190 DEFAULT CHARSET=utf8mb4 COLLATE=utf8mb4_0900_ai_ci;
/*!40101 SET character_set_client = @saved_cs_client */;

--
-- Dumping data for table `absensi_siswa`
--

LOCK TABLES `absensi_siswa` WRITE;
/*!40000 ALTER TABLE `absensi_siswa` DISABLE KEYS */;
/*!40000 ALTER TABLE `absensi_siswa` ENABLE KEYS */;
UNLOCK TABLES;

--
-- Table structure for table `jurusan`
--

DROP TABLE IF EXISTS `jurusan`;
/*!40101 SET @saved_cs_client     = @@character_set_client */;
/*!50503 SET character_set_client = utf8mb4 */;
CREATE TABLE `jurusan` (
  `id` int NOT NULL AUTO_INCREMENT,
  `kode_jurusan` varchar(10) NOT NULL,
  `nama_jurusan` varchar(100) NOT NULL,
  PRIMARY KEY (`id`),
  UNIQUE KEY `kode_jurusan` (`kode_jurusan`)
) ENGINE=InnoDB AUTO_INCREMENT=6 DEFAULT CHARSET=utf8mb4 COLLATE=utf8mb4_0900_ai_ci;
/*!40101 SET character_set_client = @saved_cs_client */;

--
-- Dumping data for table `jurusan`
--

LOCK TABLES `jurusan` WRITE;
/*!40000 ALTER TABLE `jurusan` DISABLE KEYS */;
INSERT INTO `jurusan` VALUES (1,'DKV','DESAIN KOMUNIKASI VISUAL'),(2,'TKJ','TEKNIK KOMPUTER & JARINGAN'),(3,'TBSM','TEKNIK BISNIS SEPEDA MOTOR'),(4,'TKRO','TEKNIK KENDARAAN RINGAN OTOMOTIF'),(5,'MM','MULTI MEDIA');
/*!40000 ALTER TABLE `jurusan` ENABLE KEYS */;
UNLOCK TABLES;

--
-- Table structure for table `kelas`
--

DROP TABLE IF EXISTS `kelas`;
/*!40101 SET @saved_cs_client     = @@character_set_client */;
/*!50503 SET character_set_client = utf8mb4 */;
CREATE TABLE `kelas` (
  `id` int NOT NULL AUTO_INCREMENT,
  `nama_kelas` varchar(50) NOT NULL,
  PRIMARY KEY (`id`),
  UNIQUE KEY `nama_kelas` (`nama_kelas`)
) ENGINE=InnoDB AUTO_INCREMENT=4 DEFAULT CHARSET=utf8mb4 COLLATE=utf8mb4_0900_ai_ci;
/*!40101 SET character_set_client = @saved_cs_client */;

--
-- Dumping data for table `kelas`
--

LOCK TABLES `kelas` WRITE;
/*!40000 ALTER TABLE `kelas` DISABLE KEYS */;
INSERT INTO `kelas` VALUES (1,'X'),(2,'XI'),(3,'XII');
/*!40000 ALTER TABLE `kelas` ENABLE KEYS */;
UNLOCK TABLES;

--
-- Table structure for table `mapel`
--

DROP TABLE IF EXISTS `mapel`;
/*!40101 SET @saved_cs_client     = @@character_set_client */;
/*!50503 SET character_set_client = utf8mb4 */;
CREATE TABLE `mapel` (
  `id` int NOT NULL AUTO_INCREMENT,
  `kode_mapel` varchar(20) NOT NULL,
  `nama_mapel` varchar(255) DEFAULT NULL,
  PRIMARY KEY (`id`),
  UNIQUE KEY `kode_mapel` (`kode_mapel`)
) ENGINE=InnoDB AUTO_INCREMENT=55 DEFAULT CHARSET=utf8mb4 COLLATE=utf8mb4_0900_ai_ci;
/*!40101 SET character_set_client = @saved_cs_client */;

--
-- Dumping data for table `mapel`
--

LOCK TABLES `mapel` WRITE;
/*!40000 ALTER TABLE `mapel` DISABLE KEYS */;
INSERT INTO `mapel` VALUES (1,'MPL01','PENJAS'),(2,'MPL02','Sejarah Indonesia'),(3,'MPL03','IPAS (KIMIA)'),(4,'MPL04','MATEMATIKA'),(5,'MPL05','B. INDONESIA'),(6,'MPL06','PLH'),(7,'MPL07','IPAS (Fisika)'),(8,'MPL08','Administrasi Infrastruktur Jaringan (AIJ)'),(9,'MPL09','Teknologi Layanan Jaringan (TLJ)'),(10,'MPL10','Mata Pelajaran Pilihan'),(11,'MPL11','Konversi Energi Kendaraan Ringan'),(12,'MPL12','Prosedur Penggunaan Kendaraan Ringan'),(13,'MPL13','Pemeliharaan Kelistrikan Kendaraan Ringan'),(14,'MPL14','Pemeliharaan Mesin Kendaraan Ringan Otomotif'),(15,'MPL15','Pemeliharaan Sasis & Pemindai Tenaga Kend. Ringan'),(16,'MPL16','Bahasa Inggris'),(17,'MPL17','Menerapkan Design Brief'),(18,'MPL18','Keamanan Jaringan'),(19,'MPL19','Teknik Pembuatan Audio Vidio'),(20,'MPL20','Desain Media Interaktif'),(21,'MPL21','PKN'),(22,'MPL22','Seni Lukis'),(23,'MPL23','PEM MESIN SEPEDA MOTOR'),(24,'MPL24','PEM SASIS SEPEDA MOTOR'),(25,'MPL25','PEM KELISTRIKAN SEPEDA MOTOR'),(26,'MPL26','PAI'),(27,'MPL27','Kreativitas, Inovasi dan Kewirausahaan'),(28,'MPL28','Proses Bisnis di Bidang Teknik Jaringan Komputer dan Telekomunikasi'),(29,'MPL29','Profesi dan Kewirausahaan (job-profile dan Tecnopreneur)di Bidang Teknik Jaringan Komputer dan Telekomunikasi'),(30,'MPL30','Keselamatan dan Kesehatan Kerja Serta Lingkungan Hidup (K3LH) dan Budaya Kerja Industri'),(31,'MPL31','Profile Tecnopreneur, Peluang Usaha dan Pekerjaan/Profesi Bidang Desain Komunikasi Visual dan Grafika'),(32,'MPL32','Proses Bisnis Berbagai Industri di Bidang Desain Komunikasi Visual dan Grafika'),(33,'MPL33','Perkembangan Teknologi di Industri dan Dunia Kerja serta Isu-isu Global pada Bidang Desian Komunikasi Visual dan Grafika'),(34,'MPL34','Teknik Dasar Proses Produksi pada Industri Desain Komunikasi Visual dan Grafika'),(35,'MPL35','Perencanaan dan Pengalamatan Jaringan'),(36,'MPL36','Terknologi Jaringan Kabel dan Nirkabel'),(37,'MPL37','Perangkat Lunak Desain'),(38,'MPL38','Informatika'),(39,'MPL39','Perawatan dan Perbaikan Sistem Pemindah Tenaga Sepeda Motor'),(40,'MPL40','Perawatan dan Perbaikan Sistem Kelistrikan Sepeda Motor'),(41,'MPL41','Perawatan dan perbaikan Engine Sepeda Motor'),(42,'MPL42','Perawatan dan Perbaikan Sasis Sepeda Motor'),(43,'MPL43','Pemeliharaan Bengkel'),(44,'MPL44','Proses Bisnis Bidang Otomotif'),(45,'MPL45','Profesi dan Kewirausahaan Bidang Otomotif'),(46,'MPL46','Perkembangan Teknologi Otomotif'),(47,'MPL47','Perkembangan Teknologi di Bidang Teknik Jaringan Komputer dan Telekomunikasi'),(48,'MPL48','Bahasa Sunda'),(49,'MPL49','BTQ'),(50,'MPL50','Prinsip Dasar Desain dan Komunikasi'),(51,'MPL51','Sketsa dan Ilustrasi'),(52,'MPL52','Teknik Dasar Pemeliharaan dan Perbaikan Bidang Otomotif'),(53,'MPL53','Proses Pelayanan dan manajemen Bengkel Kendaraan Ringan'),(54,'MPL54','Perawatan Berkala Kendaraan Ringan');
/*!40000 ALTER TABLE `mapel` ENABLE KEYS */;
UNLOCK TABLES;

--
-- Table structure for table `siswa`
--

DROP TABLE IF EXISTS `siswa`;
/*!40101 SET @saved_cs_client     = @@character_set_client */;
/*!50503 SET character_set_client = utf8mb4 */;
CREATE TABLE `siswa` (
  `id` int NOT NULL AUTO_INCREMENT,
  `nis` varchar(50) NOT NULL,
  `nama` varchar(100) NOT NULL,
  `jk` enum('L','P') DEFAULT NULL,
  `kelas_id` int DEFAULT NULL,
  `jurusan_id` int DEFAULT NULL,
  PRIMARY KEY (`id`),
  UNIQUE KEY `nis` (`nis`),
  KEY `kelas_id` (`kelas_id`),
  KEY `jurusan_id` (`jurusan_id`),
  CONSTRAINT `siswa_ibfk_1` FOREIGN KEY (`kelas_id`) REFERENCES `kelas` (`id`),
  CONSTRAINT `siswa_ibfk_2` FOREIGN KEY (`jurusan_id`) REFERENCES `jurusan` (`id`)
) ENGINE=InnoDB AUTO_INCREMENT=330 DEFAULT CHARSET=utf8mb4 COLLATE=utf8mb4_0900_ai_ci;
/*!40101 SET character_set_client = @saved_cs_client */;

--
-- Dumping data for table `siswa`
--

LOCK TABLES `siswa` WRITE;
/*!40000 ALTER TABLE `siswa` DISABLE KEYS */;
INSERT INTO `siswa` VALUES (1,'102303330','ACENG SANTOSA','L',3,2),(2,'102303334','ADYATMA WIDYADANA       ','L',3,2),(3,'102303336','AHMAD MUNTASIR','L',3,2),(4,'102303340','AHMAD ROLIS','L',3,2),(5,'102303342','ALDIYANSAH','L',3,2),(6,'102303344','ANDRA RAMADAN','L',3,2),(7,'102303347','ANGGIE ANGRAENI','P',3,2),(8,'102303350','AWAL SANDI KURNIAWAN','L',3,2),(9,'102303352','AYUDIA NOVITASARI','P',3,2),(10,'102303356','DANU ALFARID','L',3,2),(11,'102303357','DANU SOPYAN','L',3,2),(12,'102303367','FAHRU RIDO','L',3,2),(13,'102303368','FAHRUDIN','L',3,2),(14,'102303372','FARHAN PUADI','L',3,2),(15,'102303382','ICA ZAHRA FADLIKA','P',3,2),(16,'102303386','IRGI VALENZKA','L',3,2),(17,'102303387','IRNAWATI','P',3,2),(18,'102303392','MANDA AZAHRA P.','P',3,2),(19,'102303394','MAULIDAN','L',3,2),(20,'102303395','MUFTY PADILLAH','L',3,2),(21,'102303396','MUH. INDRA GUNAWAN','L',3,2),(22,'102303397','MUHAMAD ADITIA','L',3,2),(23,'102303400','MUHAMAD AZRIL ILHAM','L',3,2),(24,'102303411','MUHAMAD IQBAL RADISKI','L',3,2),(25,'102303413','MUHAMAD LUTFI','L',3,2),(26,'102303414','MUHAMAD PAHRI','L',3,2),(27,'102303420','MUHAMAD RIZAL','L',3,2),(28,'102303427','MUNIR','L',3,2),(29,'102303431','NAJIB MULYA','L',3,2),(30,'102303433','NITA AULIA','P',3,2),(31,'102303441','ONGKI WIJAYA','L',3,2),(32,'102303443','PUTRI LAURA ANASTASYA','P',3,2),(33,'102303446','RAJIB R.','P',3,2),(34,'102303454','RIA MELIAWATI','P',3,2),(35,'102303463','SALUM MELIYANA PUTRI','P',3,2),(36,'102303472','YAZIRA RAMA DAMAYANTI','P',3,2),(37,'102303481','M. DIMAS JAKARIA','L',3,2),(38,'102303351','AYU SEHTIANI','P',3,5),(39,'102303361','ELSA RAMADANI','P',3,5),(40,'102303363','ESTI TANTRIANA APRIANTI','P',3,5),(41,'102303378','FITRI RAMADANI','P',3,5),(42,'102303381','HAFITRIYAH','P',3,5),(43,'102303404','MUHAMAD FAHRI','L',3,5),(44,'102303409','MUHAMAD HUSEN','L',3,5),(45,'102303416','MUHAMAD RAKHA AUDREY RUJI','L',3,5),(46,'102303422','MUHAMAD RIZKY PUTRA','L',3,5),(47,'102303434','NURAZIZAH','P',3,5),(48,'102303435','NURDIN','L',3,5),(49,'102303436','NURMALA','P',3,5),(50,'102303437','NURSIAHWATI','P',3,5),(51,'102303438','OKTA NANDA SOPARI','P',3,5),(52,'102303448','RARA SATRI ZAMANTARI ASIH','P',3,5),(53,'102303453','REYHAN FIRDAUS','L',3,5),(54,'102303457','RIDWAN MAULANA','L',3,5),(55,'102303458','RIFFA ALDISYAH','P',3,5),(56,'102303460','RIRIN ARDIANTI','P',3,5),(57,'102303461','RISQIA RAMADANI','P',3,5),(58,'102303462','RIZKY SANJAYA                 ','L',3,5),(59,'102303464','SAYADAN HOLQI              ','L',3,5),(60,'102303467','SITI SALWA AULIA','P',3,5),(61,'102303471','WILDAH','P',3,5),(62,'102303475','YULI','P',3,5),(63,'102303476','NUR SYABAN MUBAROK','L',3,5),(64,'102303480','ACHMAD FAIRUZ','L',3,5),(65,'102303331','ADEN HANDAYANI','L',3,4),(66,'102303337','AHMAD NURHABI','L',3,4),(67,'102303341','AHMAD UWES KURNI','L',3,4),(68,'102303343','ANDIKA','L',3,4),(69,'102303354','DAERI','L',3,4),(70,'102303360','DIMAS RENALDI SAPUTRA','L',3,4),(71,'102303369','FAJAR HIDAYAT','L',3,4),(72,'102303374','FAUZI FATURAHMAN','L',3,4),(73,'102303375','FERIJAN','L',3,4),(74,'102303376','FIKIAN FERO','L',3,4),(75,'102303385','IPAN','L',3,4),(76,'102303388','M. FARIZD','L',3,4),(77,'102303389','M. FAUZI ABADI','L',3,4),(78,'102303390','M. HILMAN','L',3,4),(79,'102303393','MASARIL BALHI','L',3,4),(80,'102303399','MUHAMAD AZKA MULYADI','L',3,4),(81,'102303403','MUHAMAD DECKY BAHARIZKY','L',3,4),(82,'102303405','MUHAMAD FAHRI','L',3,4),(83,'102303407','MUHAMAD FARIZ FAUZI','L',3,4),(84,'102303412','MUHAMAD JULI','L',3,4),(85,'102303415','MUHAMAD RAFLI','L',3,4),(86,'102303429','NABIL MAULANA ALKARIM','L',3,4),(87,'102303442','PUTRA MULYYA','L',3,4),(88,'102303450','RETNO SUKMANA','L',3,4),(89,'102303452','REYHAN','L',3,4),(90,'102303459','RIFKY RAMADAN','L',3,4),(91,'102303465','SIGIT PERMANA','L',3,4),(92,'102303469','TAOPIK FEBRIYANSYAH','L',3,4),(93,'102303473','YOGI SAHRUL HADAD','L',3,4),(94,'102303333','ADITIYA','L',3,3),(95,'102303335','AHMAD MAULANA','L',3,3),(96,'102303345','ANGGA','L',3,3),(97,'102303353','BIMA','L',3,3),(98,'102303355','DAMAR TEJA SIENA','L',3,3),(99,'102303358','DIKA SEPTIAN','L',3,3),(100,'102303359','DIMAS ABDUL JABAR','L',3,3),(101,'102303365','FAHRI HIDAYAT','L',3,3),(102,'102303366','FAHRI MAULANA','L',3,3),(103,'102303379','GEMA ERIC','L',3,3),(104,'102303384','INDRA ROSADI','L',3,3),(105,'102303391','MALIK FEBRIYAN LUTFI R.','L',3,3),(106,'102303401','MUHAMAD DAFA','L',3,3),(107,'102303402','MUHAMAD DAVIT','L',3,3),(108,'102303408','MUHAMAD HAIKAL REZKYY AKBAR','L',3,3),(109,'102303410','MUHAMAD ILMANSAH','L',3,3),(110,'102303417','MUHAMAD RENDI ANDIKA','L',3,3),(111,'102303419','MUHAMAD RIFAI PADILLAH','L',3,3),(112,'102303421','MUHAMAD RIZKY','L',3,3),(113,'102303425','MUHAMAD VALEN','L',3,3),(114,'102303447','RAKA KURNIAWAN','L',3,3),(115,'102303456','RIDWAN','L',3,3),(116,'102303468','SUPAHRI','L',3,3),(117,'102303474','YUDI WIRAWAN','L',3,3),(118,'102303482','MUHAMAD AKBAR','L',3,3),(119,'102403492','AKBAR SAPRUDIN ','L',2,4),(120,'102403494','ALHAPID RAMADON','L',2,4),(121,'102403508','DENDI SEFTIAN','L',2,4),(122,'102403509','DENNY RAMADHAN','L',2,4),(123,'102403511','DIKA AMANDA','L',2,4),(124,'102403512','DURORUL AQROMIN','L',2,4),(125,'102403516','FIKRI FAHROJI','L',2,4),(126,'102403518','GALANG DASILVA AL A','L',2,4),(127,'102403521','HAERUL UMAM','L',2,4),(128,'102403522','HELMI SAPUTRA AKBAR','L',2,4),(129,'102403534','LUKI ARISKY','L',2,4),(130,'102403540','M. AFDAL FADILAH','L',2,4),(131,'102403541','M. AFGAN KURNIAWAN ','L',2,4),(132,'102403544','M. ARFAN','L',2,4),(133,'102403547','M. FAHRI RIZKI M.','L',2,4),(134,'102403558','M. SUPRIYADI','L',2,4),(135,'102403563','MULKAN ABDURAHMAN','L',2,4),(136,'102403599','RAFLI ARDIANSYAH','L',2,4),(137,'102403483','ADI','L',2,3),(138,'102403488','AHMAD RIVAI','L',2,3),(139,'102403489','AHMAD SYUKUR R','L',2,3),(140,'102403491','AKBAR DWI RANGGA','L',2,3),(141,'102403501','ASEP MAULANA','L',2,3),(142,'102403507','DEDE','L',2,3),(143,'102403510','DIDAN BAYU SENTANA','L',2,3),(144,'102403527','JAMALUDIN','L',2,3),(145,'102403531','KENDI MAULANA','L',2,3),(146,'102403535','LULI ALPIAN','L',2,3),(147,'102403542','M. AKBAR PEBRIANSYAH','L',2,3),(148,'102403543','M. AKIL MAULANA','L',2,3),(149,'102403546','M. FAHRI F','L',2,3),(150,'102403549','M. FAUZAN','L',2,3),(151,'102403552','M. FIRLI IRYANSYAH','L',2,3),(152,'102403555','M. REVAN RAMADHAN','L',2,3),(153,'102403561','MUHAMMAD PUTRA P','L',2,3),(154,'102403562','MUHAMMAD YANI','L',2,3),(155,'102403575','RIFKI ARDIYANA','L',2,3),(156,'102403581','ROJI MAWARDI','L',2,3),(157,'102403596','YODIT ISKANDAR','L',2,3),(158,'102403486','AGUNG MAULANA','L',2,2),(159,'102403487','AHMAD FAOZAN','L',2,2),(160,'102403493','ALANIS','P',2,2),(161,'102403499','ARGA MAULANA','L',2,2),(162,'102403502','ASILPIA','P',2,2),(163,'102403503','BRAM RIYANDI','L',2,2),(164,'102403504','CHAERUL RAMADHAN','L',2,2),(165,'102403505','DAFFA SULAEMAN','L',2,2),(166,'102403514','FAISAL ISKANDAR','L',2,2),(167,'102403515','FAJAR NUR HIDAYAT','L',2,2),(168,'102403519','GALANG JANU SAPUTRA','L',2,2),(169,'102403520','GUNAWAN','L',2,2),(170,'102403523','HOIRI TAPRIJI','L',2,2),(171,'102403528','JEFRY','L',2,2),(172,'102403530','JULIO AL RIZKI','L',2,2),(173,'102403536','M RAMDONI','L',2,2),(174,'102403537','M RIJAL','L',2,2),(175,'102403538','M SULTAN RECKY','L',2,2),(176,'102403545','M. DANI','L',2,2),(177,'102403551','M. FEBRIANSYAH','L',2,2),(178,'102403557','M. RIZAL MAULANA','L',2,2),(179,'102403564','NATASYA PURNAMASARI','P',2,2),(180,'102403569','RAFFI AHMAD','L',2,2),(181,'102403572','RAKA PUTRA','L',2,2),(182,'102403576','RIFKY DWI RAMADANI','L',2,2),(183,'102403577','RIJALI','L',2,2),(184,'102403579','RIVALDI. Z','L',2,2),(185,'102403580','RIZKI ARIF F','L',2,2),(186,'102403587','SEZHA ANDINI','P',2,2),(187,'102403589','SITI HOLIPAH','P',2,2),(188,'102403591','SURYATI','P',2,2),(189,'102403593','TAUFIK RIYADI','L',2,2),(190,'102403595','WILLY PRATAMA','L',2,2),(191,'102403597','YOGI HENDRAWAN','L',2,2),(192,'102403598','YUDITIA NINGSIH ','P',2,2),(193,'102403485','AGIS MAULANA ','L',2,1),(194,'102403490','AJENG FARHA A','P',2,1),(195,'102403497','AMELIA','P',2,1),(196,'102403506','DAVIN DWI SAPUTRA','L',2,1),(197,'102403513','EKA SEPTI .R','P',2,1),(198,'102403517','FITRI','P',2,1),(199,'102403524','IBNU HERMAWAN','L',2,1),(200,'102403525','IKBAL SALEH AL MAKA','L',2,1),(201,'102403539','M. ABAR SUTISNA ','L',2,1),(202,'102403553','M. GANDI','L',2,1),(203,'102403554','M. JASTIN ','L',2,1),(204,'102403556','M. RIZAL','L',2,1),(205,'102403559','MELATI ANGGRAENI','P',2,1),(206,'102403565','NILAM','P',2,1),(207,'102403566','NURJANAH','P',2,1),(208,'102403568','PUTRI','P',2,1),(209,'102403570','RAFFI RAMADANI','L',2,1),(210,'102403573','RENDI WIDIANSYAH','L',2,1),(211,'102403574','REZA AL FALAH','L',2,1),(212,'102403578','RISKA DWI YANTI','P',2,1),(213,'102403582','RUBY ARDIANSYAH','L',2,1),(214,'102403583','SAFITRI','P',2,1),(215,'102403586','SERLI OLIFIA','P',2,1),(216,'102403590','SITI NURLELA','P',2,1),(217,'102403592','SYAHRIL ARDIANSYAH','L',2,1),(218,'102403594','TIA RAMADANI','P',2,1),(219,'102403601','SIGIT MAULANA ','L',2,1),(220,'102403602','AJHAR','L',2,1),(221,'102403603','MUHAMAD FARIS HILTON','L',2,1),(222,'102503603','ALIYUDIN ','L',1,1),(223,'102503614','ANIS SAPITRI','P',1,1),(224,'102503619','AWALIA KAMILA ','P',1,1),(225,'102503621','CHIKA AYU WULANDARI ','P',1,1),(226,'102503626','DINDA FEBIYANTI ','P',1,1),(227,'102503634','FUJI AULIA RAMADHANI','P',1,1),(228,'102503641','JULITA AMALIA','P',1,1),(229,'102503643','LISNAWATI ','P',1,1),(230,'102503645','M RIDO SAPUTRA','L',1,1),(231,'102503646','M RIZKI APRIDO ','L',1,1),(232,'102503652','M. DAMAR HERMAWAN ','L',1,1),(233,'102503656','M. RENDI','L',1,1),(234,'102503670','MUHAMAD ILHAM','L',1,1),(235,'102503671','MUHAMAD ISMAIL ','L',1,1),(236,'102503673','MUHAMAD PAHRI ','L',1,1),(237,'102503674','MUHAMAD PAKIHUDIN ','L',1,1),(238,'102503679','MUHAMMAD ADNAN','L',1,1),(239,'102503681','NENENG ROSDIANA ','P',1,1),(240,'102503688','RAGIL ALFIYANSYAH ','L',1,1),(241,'102503689','RAHMA AULIA','P',1,1),(242,'102503690','RAHMAWATI','P',1,1),(243,'102503708','WIDIA RAHMAWATI ','P',1,1),(244,'102503709','YERA WULANDARI','P',1,1),(245,'102503610','AHMAD DARJAT ','L',1,4),(246,'102503613','ANDRA ','L',1,4),(247,'102503625','DHIKA SAPUTRA','L',1,4),(248,'102503629','FARHAN','L',1,4),(249,'102503632','FAUZI ','P',1,4),(250,'102503640','JAFAR SODIK','L',1,4),(251,'102503644','M . ARUM LUTPIANSYAH','L',1,4),(252,'102503647','M.  ANGGI ARIFIN ','L',1,4),(253,'102503648','M.  FAISAL MUARIF ','L',1,4),(254,'102503649','M.  RANGGA HIDAYAT ','L',1,4),(255,'102503650','M. ABDUL RIZKI ','P',1,4),(256,'102503659','M. RIPALDI SULISTIAN','L',1,4),(257,'102503660','M. ROHIM ADI WIJAYA','L',1,4),(258,'102503661','MAULANA ','L',1,4),(259,'102503662','MAULA APRIYADI ','L',1,4),(260,'102503665','MUHAMAD  REFI ','L',1,4),(261,'102503666','MUHAMAD ABDUROHIM ','L',1,4),(262,'102503667','MUHAMAD ABIAN PAHREZA','L',1,4),(263,'102503668','MUHAMAD DIKI SAPUTRA','L',1,4),(264,'102503669','MUHAMAD FIRDAUS','L',1,4),(265,'102503672','MUHAMAD LUTFI ARIZKI','L',1,4),(266,'102503675','MUHAMAD RIFKI ','L',1,4),(267,'102503676','MUHAMAD SUPIYUDIN ','L',1,4),(268,'102503677','MUHAMAD SYAHRUL RIZWAN ','L',1,4),(269,'102503678','MUHAMAD YUSON ','L',1,4),(270,'102503683','NIZAR SUPRIYANTO','L',1,4),(271,'102503696','RIZKI FAUZI','L',1,4),(272,'102503699','SAPEI AZAMI','L',1,4),(273,'102503704','SUGIANA','L',1,4),(274,'102503705','SYAHRUL RAJAB ','L',1,4),(275,'102503707','WARIDI AL HAMZI','L',1,4),(276,'102503604','ABELIA PUTRI ','P',1,2),(277,'102503609','AGUS RAMDANI ','L',1,2),(278,'102503617','AUFA AKMA RAFIF R','L',1,2),(279,'102503622','DAFA SATRIA JANUARDI','L',1,2),(280,'102503623','DARUL','L',1,2),(281,'102503624','DAVINOP PUTRA WILIAM P','L',1,2),(282,'102503630','FARHAN KHOLIS MAJID','L',1,2),(283,'102503639','ILHAM MAULANA','L',1,2),(284,'102503642','LESTARI NEVA OKTAVIA','P',1,2),(285,'102503651','M. ABDUROHMAN','L',1,2),(286,'102503654','M. HEKAL HAKIKI','L',1,2),(287,'102503655','M. PAIS HAIKAL','L',1,2),(288,'102503657','M. REVI FEBRIAN','L',1,2),(289,'102503663','MAULANA FEBRIAN HADI P','L',1,2),(290,'102503680','MUJAERI','L',1,2),(291,'102503682','NINDYA PUTRI WIJAYA','P',1,2),(292,'102503685','NURFALAH','L',1,2),(293,'102503691','REHAN HARDIANSYAH ','L',1,2),(294,'102503693','RISKI FEBRIAN ','L',1,2),(295,'102503694','RITA ROSLIANA','P',1,2),(296,'102503697','RIZKI MAULANA ','L',1,2),(297,'102503700','SAZQIA ALIFA RUSHTI','P',1,2),(298,'102503701','SELSILIA','P',1,2),(299,'102503702','SITI MAERAPUTRI ','P',1,2),(300,'102503703','SITI SYARIFATUNNISA','P',1,2),(301,'102503605','ABUL HAMALI','L',1,3),(302,'102503606','ADRIVAL NURASA ','L',1,3),(303,'102503607','AGAS SOPIAN ','L',1,3),(304,'102503608','AGUNG NUGROHO','L',1,3),(305,'102503611','AKMAL ','L',1,3),(306,'102503612','AL BARA','L',1,3),(307,'102503615','ARKIA MUKTI ','L',1,3),(308,'102503616','ASEP SUNANDAR AZRIEL ','L',1,3),(309,'102503618','AWAL RAMADAN','L',1,3),(310,'102503620','BAYU RIZKI ADITYA ','L',1,3),(311,'102503627','DIPA AGUSTIN ','L',1,3),(312,'102503628','FAISAL TANJUNG ','L',1,3),(313,'102503631','FATHIR PARHANSYAH','L',1,3),(314,'102503633','FIRLI ARDIYANSYAH ','L',1,3),(315,'102503635','HADI NURAMDAN ','L',1,3),(316,'102503636','HAERUL  ','L',1,3),(317,'102503637','HOLASATUL PAHIR','L',1,3),(318,'102503638','ILHAM JAYA KUSUMA','L',1,3),(319,'102503653','M. ERWAN ERDIANSYAH','L',1,3),(320,'102503658','M. RIDO FIRMANSYAH ','L',1,3),(321,'102503664','MUALIF NUR MAULID','L',1,3),(322,'102503684','NUR SAEPUL ULUM ','L',1,3),(323,'102503686','PADLI SEPTIAN ','L',1,3),(324,'102503687','PAISAL AL FATIR ','L',1,3),(325,'102503692','REHAN RAHMATULLAH','L',1,3),(326,'102503695','RIVALDO SAPUTRA','L',1,3),(327,'102503698','SAHBAN AL PAHRUDIN ','L',1,3),(328,'102503706','VICKY ATHFAL','L',1,3),(329,'102503710','MUHAMAD ARGA BACHTIAR','L',1,3);
/*!40000 ALTER TABLE `siswa` ENABLE KEYS */;
UNLOCK TABLES;

--
-- Table structure for table `users`
--

DROP TABLE IF EXISTS `users`;
/*!40101 SET @saved_cs_client     = @@character_set_client */;
/*!50503 SET character_set_client = utf8mb4 */;
CREATE TABLE `users` (
  `id` int NOT NULL AUTO_INCREMENT,
  `username` varchar(50) NOT NULL,
  `password` varchar(255) NOT NULL,
  `role` enum('Super User','Admin','Guru') NOT NULL DEFAULT 'Guru',
  PRIMARY KEY (`id`),
  UNIQUE KEY `username` (`username`)
) ENGINE=InnoDB AUTO_INCREMENT=5 DEFAULT CHARSET=utf8mb4 COLLATE=utf8mb4_0900_ai_ci;
/*!40101 SET character_set_client = @saved_cs_client */;

--
-- Dumping data for table `users`
--

LOCK TABLES `users` WRITE;
/*!40000 ALTER TABLE `users` DISABLE KEYS */;
INSERT INTO `users` VALUES (1,'keris','LoginKeris','Super User'),(2,'guru','LoginGuru','Guru'),(3,'admin','LoginAdmin','Admin');
/*!40000 ALTER TABLE `users` ENABLE KEYS */;
UNLOCK TABLES;
/*!40103 SET TIME_ZONE=@OLD_TIME_ZONE */;

/*!40101 SET SQL_MODE=@OLD_SQL_MODE */;
/*!40014 SET FOREIGN_KEY_CHECKS=@OLD_FOREIGN_KEY_CHECKS */;
/*!40014 SET UNIQUE_CHECKS=@OLD_UNIQUE_CHECKS */;
/*!40101 SET CHARACTER_SET_CLIENT=@OLD_CHARACTER_SET_CLIENT */;
/*!40101 SET CHARACTER_SET_RESULTS=@OLD_CHARACTER_SET_RESULTS */;
/*!40101 SET COLLATION_CONNECTION=@OLD_COLLATION_CONNECTION */;
/*!40111 SET SQL_NOTES=@OLD_SQL_NOTES */;

-- Dump completed on 2025-11-26  3:33:54
